{
	"base":	{
		"_hidden_in_editor": "true",
		"attr":		{
			"name": "str",
			"pos": "vec2"
		}
	},
	
	"entity.WorldObject":	{
		"_hidden_in_editor": "true",
		"base": "base"
	},
	
	"entity.BaseSpriteEntity":	{
		"_hidden_in_editor": "true",
		"base": "entity.WorldObject"		
	},
	
	"entity.Entity":	{
		"base": "entity.BaseSpriteEntity"		
	},
	
	"npc.NPCBase":	{
		"base": "entity.Entity",
		"attr":		{
			"template": "str"
		}
	},
	
	"stacked_sprite.StackedSprite":	{
		"base": "base",
		"attr":		{
			"rot": "float",
			"collision": "bool"
		}
	}
}